pearson;similarity_type;matching;word_agg;sentence_agg;direction;power;index_weight
0.5796079433293145;wupalmer;one_to_many;max;avg;symmetric;power7;
0.577251500511656;wupalmer;one_to_many;max;max;symmetric;power7;linear
0.577251500511656;wupalmer;one_to_many;max;avg;symmetric;power7;linear
0.577251500511656;wupalmer;one_to_many;max;min;symmetric;power7;linear
0.5755856614550744;wupalmer;one_to_many;max;max;symmetric;power7;prime
0.5755856614550744;wupalmer;one_to_many;max;avg;symmetric;power7;prime
0.5755856614550744;wupalmer;one_to_many;max;min;symmetric;power7;prime
0.5748499678536774;spath;one_to_many;max;avg;symmetric;power7;
0.5737886134836936;spath;one_to_many;max;max;symmetric;power7;linear
0.5737886134836936;spath;one_to_many;max;avg;symmetric;power7;linear
0.5737886134836936;spath;one_to_many;max;min;symmetric;power7;linear
0.5734138327990164;spath;one_to_many;max;avg;symmetric;power2;
0.5722584276070197;spath;one_to_many;max;max;symmetric;power2;linear
0.5722584276070197;spath;one_to_many;max;avg;symmetric;power2;linear
0.5722584276070197;spath;one_to_many;max;min;symmetric;power2;linear
0.572033951780899;spath;one_to_many;max;max;symmetric;power7;prime
0.572033951780899;spath;one_to_many;max;avg;symmetric;power7;prime
0.572033951780899;spath;one_to_many;max;min;symmetric;power7;prime
0.5705169030480974;spath;one_to_many;max;max;symmetric;power2;prime
0.5705169030480974;spath;one_to_many;max;avg;symmetric;power2;prime
0.5705169030480974;spath;one_to_many;max;min;symmetric;power2;prime
0.5579950718610759;wupalmer;one_to_many;max;max;symmetric;power7;exponential
0.5579950718610759;wupalmer;one_to_many;max;avg;symmetric;power7;exponential
0.5579950718610759;wupalmer;one_to_many;max;min;symmetric;power7;exponential
0.5543821000098021;spath;one_to_many;max;max;symmetric;power7;exponential
0.5543821000098021;spath;one_to_many;max;avg;symmetric;power7;exponential
0.5543821000098021;spath;one_to_many;max;min;symmetric;power7;exponential
0.5536025971494599;spath;one_to_many;max;max;symmetric;power2;exponential
0.5536025971494599;spath;one_to_many;max;avg;symmetric;power2;exponential
0.5536025971494599;spath;one_to_many;max;min;symmetric;power2;exponential
0.5487872870373757;spath;one_to_many;max;max;symmetric;power1;linear
0.5487872870373757;spath;one_to_many;max;avg;symmetric;power1;linear
0.5487872870373757;spath;one_to_many;max;min;symmetric;power1;linear
0.5469764558133381;spath;one_to_many;max;avg;symmetric;power1;
0.5469432822943875;spath;one_to_many;max;max;symmetric;power1;prime
0.5469432822943875;spath;one_to_many;max;avg;symmetric;power1;prime
0.5469432822943875;spath;one_to_many;max;min;symmetric;power1;prime
0.5458625233551736;wupalmer;one_to_many;max;max;symmetric;power2;linear
0.5458625233551736;wupalmer;one_to_many;max;avg;symmetric;power2;linear
0.5458625233551736;wupalmer;one_to_many;max;min;symmetric;power2;linear
0.5442185137152875;wupalmer;one_to_many;max;max;symmetric;power2;prime
0.5442185137152875;wupalmer;one_to_many;max;avg;symmetric;power2;prime
0.5442185137152875;wupalmer;one_to_many;max;min;symmetric;power2;prime
0.5440411492345377;wupalmer;one_to_many;max;avg;symmetric;power2;
0.5420526153237404;wupalmer;one_to_many;max;avg;single;power7;
0.5399982237400452;spath;one_to_many;max;avg;single;power7;
0.5362505573126896;spath;one_to_many;max;avg;single;power2;
0.5333102337648644;spath;one_to_many;max;max;symmetric;power1;exponential
0.5333102337648644;spath;one_to_many;max;avg;symmetric;power1;exponential
0.5333102337648644;spath;one_to_many;max;min;symmetric;power1;exponential
0.531361363139638;wupalmer;one_to_many;max;max;symmetric;power2;exponential
0.531361363139638;wupalmer;one_to_many;max;avg;symmetric;power2;exponential
0.531361363139638;wupalmer;one_to_many;max;min;symmetric;power2;exponential
0.5309704451148977;wupalmer;one_to_many;max;max;single;power7;linear
0.5309704451148977;wupalmer;one_to_many;max;avg;single;power7;linear
0.5309704451148977;wupalmer;one_to_many;max;min;single;power7;linear
0.5296753531491811;spath;one_to_many;max;max;single;power7;linear
0.5296753531491811;spath;one_to_many;max;avg;single;power7;linear
0.5296753531491811;spath;one_to_many;max;min;single;power7;linear
0.5292119620313342;wupalmer;one_to_many;max;max;single;power7;prime
0.5292119620313342;wupalmer;one_to_many;max;avg;single;power7;prime
0.5292119620313342;wupalmer;one_to_many;max;min;single;power7;prime
0.5280200478301629;spath;one_to_many;max;max;single;power7;prime
0.5280200478301629;spath;one_to_many;max;avg;single;power7;prime
0.5280200478301629;spath;one_to_many;max;min;single;power7;prime
0.5262493414448317;spath;one_to_many;max;max;single;power2;linear
0.5262493414448317;spath;one_to_many;max;avg;single;power2;linear
0.5262493414448317;spath;one_to_many;max;min;single;power2;linear
0.5244881880224262;spath;one_to_many;max;max;single;power2;prime
0.5244881880224262;spath;one_to_many;max;avg;single;power2;prime
0.5244881880224262;spath;one_to_many;max;min;single;power2;prime
0.5097228318724862;spath;one_to_many;max;avg;single;power1;
0.5055486533453721;wupalmer;one_to_many;max;max;single;power7;exponential
0.5055486533453721;wupalmer;one_to_many;max;avg;single;power7;exponential
0.5055486533453721;wupalmer;one_to_many;max;min;single;power7;exponential
0.5040984696426933;spath;one_to_many;max;max;single;power7;exponential
0.5040984696426933;spath;one_to_many;max;avg;single;power7;exponential
0.5040984696426933;spath;one_to_many;max;min;single;power7;exponential
0.5033454046105438;spath;one_to_many;max;max;single;power1;linear
0.5033454046105438;spath;one_to_many;max;avg;single;power1;linear
0.5033454046105438;spath;one_to_many;max;min;single;power1;linear
0.5015198106506318;spath;one_to_many;max;max;single;power2;exponential
0.5015198106506318;spath;one_to_many;max;avg;single;power2;exponential
0.5015198106506318;spath;one_to_many;max;min;single;power2;exponential
0.501425208109727;spath;one_to_many;max;max;single;power1;prime
0.501425208109727;spath;one_to_many;max;avg;single;power1;prime
0.501425208109727;spath;one_to_many;max;min;single;power1;prime
0.4970436374980941;wupalmer;one_to_many;max;avg;single;power2;
0.49113594048446113;wupalmer;one_to_many;max;max;single;power2;linear
0.49113594048446113;wupalmer;one_to_many;max;avg;single;power2;linear
0.49113594048446113;wupalmer;one_to_many;max;min;single;power2;linear
0.4891576816628106;wupalmer;one_to_many;max;max;single;power2;prime
0.4891576816628106;wupalmer;one_to_many;max;avg;single;power2;prime
0.4891576816628106;wupalmer;one_to_many;max;min;single;power2;prime
0.48217229447910387;spath;one_to_many;max;max;single;power1;exponential
0.48217229447910387;spath;one_to_many;max;avg;single;power1;exponential
0.48217229447910387;spath;one_to_many;max;min;single;power1;exponential
0.4737817827034235;wupalmer;one_to_many;max;max;symmetric;power1;linear
0.4737817827034235;wupalmer;one_to_many;max;avg;symmetric;power1;linear
0.4737817827034235;wupalmer;one_to_many;max;min;symmetric;power1;linear
0.4719682306379166;wupalmer;one_to_many;max;max;symmetric;power1;prime
0.4719682306379166;wupalmer;one_to_many;max;avg;symmetric;power1;prime
0.4719682306379166;wupalmer;one_to_many;max;min;symmetric;power1;prime
0.47095373875723645;wupalmer;one_to_many;max;max;single;power2;exponential
0.47095373875723645;wupalmer;one_to_many;max;avg;single;power2;exponential
0.47095373875723645;wupalmer;one_to_many;max;min;single;power2;exponential
0.46651174275287177;wupalmer;one_to_many;max;max;symmetric;power1;exponential
0.46651174275287177;wupalmer;one_to_many;max;avg;symmetric;power1;exponential
0.46651174275287177;wupalmer;one_to_many;max;min;symmetric;power1;exponential
0.4637223891496127;wupalmer;one_to_many;max;avg;symmetric;power1;
0.42878148390210247;spath;one_to_many;max;max;single;power7;
0.42878148390210247;spath;one_to_many;max;max;symmetric;power7;
0.42878148390210247;spath;all_to_all;;max;single;power7;
0.42878148390210247;spath;all_to_all;;max;single;power7;linear
0.42878148390210247;spath;all_to_all;;max;single;power7;prime
0.42878148390210247;spath;all_to_all;;max;single;power7;exponential
0.42878148390210247;spath;all_to_all;;max;symmetric;power7;
0.42878148390210247;spath;all_to_all;;max;symmetric;power7;linear
0.42878148390210247;spath;all_to_all;;max;symmetric;power7;prime
0.42878148390210247;spath;all_to_all;;max;symmetric;power7;exponential
0.42650080181512995;wupalmer;one_to_many;max;max;single;power7;
0.42650080181512995;wupalmer;one_to_many;max;max;symmetric;power7;
0.42650080181512995;wupalmer;all_to_all;;max;single;power7;
0.42650080181512995;wupalmer;all_to_all;;max;single;power7;linear
0.42650080181512995;wupalmer;all_to_all;;max;single;power7;prime
0.42650080181512995;wupalmer;all_to_all;;max;single;power7;exponential
0.42650080181512995;wupalmer;all_to_all;;max;symmetric;power7;
0.42650080181512995;wupalmer;all_to_all;;max;symmetric;power7;linear
0.42650080181512995;wupalmer;all_to_all;;max;symmetric;power7;prime
0.42650080181512995;wupalmer;all_to_all;;max;symmetric;power7;exponential
0.42642639127226967;wupalmer;one_to_many;max;max;single;power1;linear
0.42642639127226967;wupalmer;one_to_many;max;avg;single;power1;linear
0.42642639127226967;wupalmer;one_to_many;max;min;single;power1;linear
0.4243234428620479;wupalmer;one_to_many;max;max;single;power1;prime
0.4243234428620479;wupalmer;one_to_many;max;avg;single;power1;prime
0.4243234428620479;wupalmer;one_to_many;max;min;single;power1;prime
0.42333210349333106;wupalmer;one_to_many;max;avg;single;power1;
0.42173475131623994;spath;one_to_many;max;max;single;power2;
0.42173475131623994;spath;one_to_many;max;max;symmetric;power2;
0.42173475131623994;spath;all_to_all;;max;single;power2;
0.42173475131623994;spath;all_to_all;;max;single;power2;linear
0.42173475131623994;spath;all_to_all;;max;single;power2;prime
0.42173475131623994;spath;all_to_all;;max;single;power2;exponential
0.42173475131623994;spath;all_to_all;;max;symmetric;power2;
0.42173475131623994;spath;all_to_all;;max;symmetric;power2;linear
0.42173475131623994;spath;all_to_all;;max;symmetric;power2;prime
0.42173475131623994;spath;all_to_all;;max;symmetric;power2;exponential
0.41885321286015587;spath;one_to_many;avg;max;symmetric;power7;linear
0.41885321286015587;spath;one_to_many;avg;avg;symmetric;power7;linear
0.41885321286015587;spath;one_to_many;avg;min;symmetric;power7;linear
0.41720784655861237;wupalmer;one_to_many;avg;max;symmetric;power7;linear
0.41720784655861237;wupalmer;one_to_many;avg;avg;symmetric;power7;linear
0.41720784655861237;wupalmer;one_to_many;avg;min;symmetric;power7;linear
0.4162757133018046;spath;one_to_many;avg;max;symmetric;power7;prime
0.4162757133018046;spath;one_to_many;avg;avg;symmetric;power7;prime
0.4162757133018046;spath;one_to_many;avg;min;symmetric;power7;prime
0.41520464385811207;spath;one_to_many;avg;max;symmetric;power7;exponential
0.41520464385811207;spath;one_to_many;avg;avg;symmetric;power7;exponential
0.41520464385811207;spath;one_to_many;avg;min;symmetric;power7;exponential
0.41449257175627896;wupalmer;one_to_many;avg;max;symmetric;power7;prime
0.41449257175627896;wupalmer;one_to_many;avg;avg;symmetric;power7;prime
0.41449257175627896;wupalmer;one_to_many;avg;min;symmetric;power7;prime
0.41411091789708887;wupalmer;one_to_many;max;max;single;power1;exponential
0.41411091789708887;wupalmer;one_to_many;max;avg;single;power1;exponential
0.41411091789708887;wupalmer;one_to_many;max;min;single;power1;exponential
0.41393810253254903;wupalmer;one_to_many;avg;max;symmetric;power7;exponential
0.41393810253254903;wupalmer;one_to_many;avg;avg;symmetric;power7;exponential
0.41393810253254903;wupalmer;one_to_many;avg;min;symmetric;power7;exponential
0.41144500869761563;spath;one_to_many;avg;max;single;power7;linear
0.41144500869761563;spath;one_to_many;avg;avg;single;power7;linear
0.41144500869761563;spath;one_to_many;avg;min;single;power7;linear
0.410216166611973;spath;one_to_many;avg;max;symmetric;power2;linear
0.410216166611973;spath;one_to_many;avg;avg;symmetric;power2;linear
0.410216166611973;spath;one_to_many;avg;min;symmetric;power2;linear
0.409984226676191;spath;one_to_many;avg;max;single;power7;prime
0.409984226676191;spath;one_to_many;avg;avg;single;power7;prime
0.409984226676191;spath;one_to_many;avg;min;single;power7;prime
0.40988872545265786;wupalmer;one_to_many;avg;max;single;power7;linear
0.40988872545265786;wupalmer;one_to_many;avg;avg;single;power7;linear
0.40988872545265786;wupalmer;one_to_many;avg;min;single;power7;linear
0.4081951405167583;wupalmer;one_to_many;avg;max;single;power7;prime
0.4081951405167583;wupalmer;one_to_many;avg;avg;single;power7;prime
0.4081951405167583;wupalmer;one_to_many;avg;min;single;power7;prime
0.4074353327571666;spath;one_to_many;avg;max;symmetric;power2;prime
0.4074353327571666;spath;one_to_many;avg;avg;symmetric;power2;prime
0.4074353327571666;spath;one_to_many;avg;min;symmetric;power2;prime
0.4073336221384247;spath;one_to_many;avg;max;symmetric;power2;exponential
0.4073336221384247;spath;one_to_many;avg;avg;symmetric;power2;exponential
0.4073336221384247;spath;one_to_many;avg;min;symmetric;power2;exponential
0.40375366919167066;spath;one_to_many;avg;avg;single;power7;
0.40375366919167066;spath;one_to_many;avg;avg;symmetric;power7;
0.40375366919167066;spath;all_to_all;;avg;single;power7;
0.40375366919167066;spath;all_to_all;;avg;single;power7;linear
0.40375366919167066;spath;all_to_all;;avg;single;power7;prime
0.40375366919167066;spath;all_to_all;;avg;single;power7;exponential
0.40375366919167066;spath;all_to_all;;avg;symmetric;power7;
0.40375366919167066;spath;all_to_all;;avg;symmetric;power7;linear
0.40375366919167066;spath;all_to_all;;avg;symmetric;power7;prime
0.40375366919167066;spath;all_to_all;;avg;symmetric;power7;exponential
0.40303730013524486;spath;one_to_many;avg;max;single;power7;exponential
0.40303730013524486;spath;one_to_many;avg;avg;single;power7;exponential
0.40303730013524486;spath;one_to_many;avg;min;single;power7;exponential
0.40299580577393657;spath;one_to_many;avg;max;single;power2;linear
0.40299580577393657;spath;one_to_many;avg;avg;single;power2;linear
0.40299580577393657;spath;one_to_many;avg;min;single;power2;linear
0.401735516581967;wupalmer;one_to_many;avg;max;single;power7;exponential
0.401735516581967;wupalmer;one_to_many;avg;avg;single;power7;exponential
0.401735516581967;wupalmer;one_to_many;avg;min;single;power7;exponential
0.4014498104898272;wupalmer;one_to_many;avg;avg;single;power7;
0.4014498104898272;wupalmer;one_to_many;avg;avg;symmetric;power7;
0.4014498104898272;wupalmer;all_to_all;;avg;single;power7;
0.4014498104898272;wupalmer;all_to_all;;avg;single;power7;linear
0.4014498104898272;wupalmer;all_to_all;;avg;single;power7;prime
0.4014498104898272;wupalmer;all_to_all;;avg;single;power7;exponential
0.4014498104898272;wupalmer;all_to_all;;avg;symmetric;power7;
0.4014498104898272;wupalmer;all_to_all;;avg;symmetric;power7;linear
0.4014498104898272;wupalmer;all_to_all;;avg;symmetric;power7;prime
0.4014498104898272;wupalmer;all_to_all;;avg;symmetric;power7;exponential
0.4012461896188051;spath;one_to_many;avg;max;single;power2;prime
0.4012461896188051;spath;one_to_many;avg;avg;single;power2;prime
0.4012461896188051;spath;one_to_many;avg;min;single;power2;prime
0.3976542590010791;wupalmer;one_to_many;max;min;symmetric;power2;
0.3953855337662192;spath;one_to_many;avg;max;single;power2;exponential
0.3953855337662192;spath;one_to_many;avg;avg;single;power2;exponential
0.3953855337662192;spath;one_to_many;avg;min;single;power2;exponential
0.3937750129815885;spath;one_to_many;avg;avg;single;power2;
0.3937750129815885;spath;one_to_many;avg;avg;symmetric;power2;
0.39377501298158846;spath;all_to_all;;avg;single;power2;
0.39377501298158846;spath;all_to_all;;avg;single;power2;linear
0.39377501298158846;spath;all_to_all;;avg;single;power2;prime
0.39377501298158846;spath;all_to_all;;avg;single;power2;exponential
0.39377501298158846;spath;all_to_all;;avg;symmetric;power2;
0.39377501298158846;spath;all_to_all;;avg;symmetric;power2;linear
0.39377501298158846;spath;all_to_all;;avg;symmetric;power2;prime
0.39377501298158846;spath;all_to_all;;avg;symmetric;power2;exponential
0.39213870770259485;spath;one_to_many;max;max;single;power1;
0.39213870770259485;spath;one_to_many;max;max;symmetric;power1;
0.39213870770259485;spath;all_to_all;;max;single;power1;
0.39213870770259485;spath;all_to_all;;max;single;power1;linear
0.39213870770259485;spath;all_to_all;;max;single;power1;prime
0.39213870770259485;spath;all_to_all;;max;single;power1;exponential
0.39213870770259485;spath;all_to_all;;max;symmetric;power1;
0.39213870770259485;spath;all_to_all;;max;symmetric;power1;linear
0.39213870770259485;spath;all_to_all;;max;symmetric;power1;prime
0.39213870770259485;spath;all_to_all;;max;symmetric;power1;exponential
0.3744676697169289;wupalmer;one_to_many;max;min;symmetric;power1;
0.37091891503959884;wupalmer;one_to_many;max;max;single;power2;
0.37091891503959884;wupalmer;one_to_many;max;max;symmetric;power2;
0.37091891503959884;wupalmer;all_to_all;;max;single;power2;
0.37091891503959884;wupalmer;all_to_all;;max;single;power2;linear
0.37091891503959884;wupalmer;all_to_all;;max;single;power2;prime
0.37091891503959884;wupalmer;all_to_all;;max;single;power2;exponential
0.37091891503959884;wupalmer;all_to_all;;max;symmetric;power2;
0.37091891503959884;wupalmer;all_to_all;;max;symmetric;power2;linear
0.37091891503959884;wupalmer;all_to_all;;max;symmetric;power2;prime
0.37091891503959884;wupalmer;all_to_all;;max;symmetric;power2;exponential
0.36866602464821996;spath;one_to_many;max;min;symmetric;power1;
0.36391565833136374;spath;one_to_many;avg;max;symmetric;power1;linear
0.36391565833136374;spath;one_to_many;avg;avg;symmetric;power1;linear
0.36391565833136374;spath;one_to_many;avg;min;symmetric;power1;linear
0.363403325261051;spath;one_to_many;avg;max;symmetric;power1;exponential
0.363403325261051;spath;one_to_many;avg;avg;symmetric;power1;exponential
0.363403325261051;spath;one_to_many;avg;min;symmetric;power1;exponential
0.36107506108171183;spath;one_to_many;avg;max;symmetric;power1;prime
0.36107506108171183;spath;one_to_many;avg;avg;symmetric;power1;prime
0.36107506108171183;spath;one_to_many;avg;min;symmetric;power1;prime
0.3582829145384562;wupalmer;one_to_many;max;min;symmetric;power7;
0.35809378300747885;spath;one_to_many;avg;max;single;power1;linear
0.35809378300747885;spath;one_to_many;avg;avg;single;power1;linear
0.35809378300747885;spath;one_to_many;avg;min;single;power1;linear
0.35753416971580165;wupalmer;one_to_many;avg;max;symmetric;power2;linear
0.35753416971580165;wupalmer;one_to_many;avg;avg;symmetric;power2;linear
0.35753416971580165;wupalmer;one_to_many;avg;min;symmetric;power2;linear
0.35745771544671545;wupalmer;one_to_many;avg;max;symmetric;power2;exponential
0.35745771544671545;wupalmer;one_to_many;avg;avg;symmetric;power2;exponential
0.35745771544671545;wupalmer;one_to_many;avg;min;symmetric;power2;exponential
0.3572180788771758;spath;one_to_many;max;min;symmetric;power2;
0.3560281814777799;spath;one_to_many;avg;max;single;power1;prime
0.3560281814777799;spath;one_to_many;avg;avg;single;power1;prime
0.3560281814777799;spath;one_to_many;avg;min;single;power1;prime
0.3542969971678816;wupalmer;one_to_many;avg;max;symmetric;power2;prime
0.3542969971678816;wupalmer;one_to_many;avg;avg;symmetric;power2;prime
0.3542969971678816;wupalmer;one_to_many;avg;min;symmetric;power2;prime
0.3538404382255439;spath;one_to_many;avg;max;single;power1;exponential
0.3538404382255439;spath;one_to_many;avg;avg;single;power1;exponential
0.3538404382255439;spath;one_to_many;avg;min;single;power1;exponential
0.3511199362316194;wupalmer;one_to_many;avg;max;single;power2;linear
0.3511199362316194;wupalmer;one_to_many;avg;avg;single;power2;linear
0.3511199362316194;wupalmer;one_to_many;avg;min;single;power2;linear
0.34857648277010866;wupalmer;one_to_many;avg;max;single;power2;prime
0.34857648277010866;wupalmer;one_to_many;avg;avg;single;power2;prime
0.34857648277010866;wupalmer;one_to_many;avg;min;single;power2;prime
0.34653151452264797;wupalmer;one_to_many;avg;max;single;power2;exponential
0.34653151452264797;wupalmer;one_to_many;avg;avg;single;power2;exponential
0.34653151452264797;wupalmer;one_to_many;avg;min;single;power2;exponential
0.3456445863007719;spath;one_to_many;avg;avg;single;power1;
0.3456445863007719;spath;one_to_many;avg;avg;symmetric;power1;
0.3456445863007719;spath;all_to_all;;avg;single;power1;
0.3456445863007719;spath;all_to_all;;avg;single;power1;linear
0.3456445863007719;spath;all_to_all;;avg;single;power1;prime
0.3456445863007719;spath;all_to_all;;avg;single;power1;exponential
0.3456445863007719;spath;all_to_all;;avg;symmetric;power1;
0.3456445863007719;spath;all_to_all;;avg;symmetric;power1;linear
0.3456445863007719;spath;all_to_all;;avg;symmetric;power1;prime
0.3456445863007719;spath;all_to_all;;avg;symmetric;power1;exponential
0.34404857078637296;spath;element_wise;;avg;single;power7;
0.34404857078637296;spath;element_wise;;avg;symmetric;power7;
0.3419859143855687;spath;element_wise;;max;single;power7;linear
0.3419859143855687;spath;element_wise;;avg;single;power7;linear
0.3419859143855687;spath;element_wise;;min;single;power7;linear
0.3419859143855687;spath;element_wise;;max;symmetric;power7;linear
0.3419859143855687;spath;element_wise;;avg;symmetric;power7;linear
0.3419859143855687;spath;element_wise;;min;symmetric;power7;linear
0.3392410312714395;wupalmer;element_wise;;avg;single;power7;
0.3392410312714395;wupalmer;element_wise;;avg;symmetric;power7;
0.33836818088219484;spath;element_wise;;max;single;power7;prime
0.33836818088219484;spath;element_wise;;avg;single;power7;prime
0.33836818088219484;spath;element_wise;;min;single;power7;prime
0.33836818088219484;spath;element_wise;;max;symmetric;power7;prime
0.33836818088219484;spath;element_wise;;avg;symmetric;power7;prime
0.33836818088219484;spath;element_wise;;min;symmetric;power7;prime
0.3377867576894723;wupalmer;element_wise;;max;single;power7;linear
0.3377867576894723;wupalmer;element_wise;;avg;single;power7;linear
0.3377867576894723;wupalmer;element_wise;;min;single;power7;linear
0.3377867576894723;wupalmer;element_wise;;max;symmetric;power7;linear
0.3377867576894723;wupalmer;element_wise;;avg;symmetric;power7;linear
0.3377867576894723;wupalmer;element_wise;;min;symmetric;power7;linear
0.33705109566908614;spath;one_to_many;max;min;symmetric;power7;
0.33616378366099325;wupalmer;one_to_many;avg;avg;single;power2;
0.33616378366099325;wupalmer;one_to_many;avg;avg;symmetric;power2;
0.3361637836609932;wupalmer;all_to_all;;avg;single;power2;
0.3361637836609932;wupalmer;all_to_all;;avg;single;power2;linear
0.3361637836609932;wupalmer;all_to_all;;avg;single;power2;prime
0.3361637836609932;wupalmer;all_to_all;;avg;single;power2;exponential
0.3361637836609932;wupalmer;all_to_all;;avg;symmetric;power2;
0.3361637836609932;wupalmer;all_to_all;;avg;symmetric;power2;linear
0.3361637836609932;wupalmer;all_to_all;;avg;symmetric;power2;prime
0.3361637836609932;wupalmer;all_to_all;;avg;symmetric;power2;exponential
0.33607920153395743;spath;element_wise;;avg;single;power2;
0.33607920153395743;spath;element_wise;;avg;symmetric;power2;
0.33513052320386033;spath;element_wise;;max;single;power2;linear
0.33513052320386033;spath;element_wise;;avg;single;power2;linear
0.33513052320386033;spath;element_wise;;min;single;power2;linear
0.33513052320386033;spath;element_wise;;max;symmetric;power2;linear
0.33513052320386033;spath;element_wise;;avg;symmetric;power2;linear
0.33513052320386033;spath;element_wise;;min;symmetric;power2;linear
0.33408280228556364;wupalmer;element_wise;;max;single;power7;prime
0.33408280228556364;wupalmer;element_wise;;avg;single;power7;prime
0.33408280228556364;wupalmer;element_wise;;min;single;power7;prime
0.33408280228556364;wupalmer;element_wise;;max;symmetric;power7;prime
0.33408280228556364;wupalmer;element_wise;;avg;symmetric;power7;prime
0.33408280228556364;wupalmer;element_wise;;min;symmetric;power7;prime
0.331395834631497;spath;element_wise;;max;single;power2;prime
0.331395834631497;spath;element_wise;;avg;single;power2;prime
0.331395834631497;spath;element_wise;;min;single;power2;prime
0.331395834631497;spath;element_wise;;max;symmetric;power2;prime
0.331395834631497;spath;element_wise;;avg;symmetric;power2;prime
0.331395834631497;spath;element_wise;;min;symmetric;power2;prime
0.3276949582658323;spath;element_wise;;max;single;power7;exponential
0.3276949582658323;spath;element_wise;;avg;single;power7;exponential
0.3276949582658323;spath;element_wise;;min;single;power7;exponential
0.3276949582658323;spath;element_wise;;max;symmetric;power7;exponential
0.3276949582658323;spath;element_wise;;avg;symmetric;power7;exponential
0.3276949582658323;spath;element_wise;;min;symmetric;power7;exponential
0.3240267694502147;wupalmer;element_wise;;max;single;power7;exponential
0.3240267694502147;wupalmer;element_wise;;avg;single;power7;exponential
0.3240267694502147;wupalmer;element_wise;;min;single;power7;exponential
0.3240267694502147;wupalmer;element_wise;;max;symmetric;power7;exponential
0.3240267694502147;wupalmer;element_wise;;avg;symmetric;power7;exponential
0.3240267694502147;wupalmer;element_wise;;min;symmetric;power7;exponential
0.3216427999383901;spath;element_wise;;max;single;power2;exponential
0.3216427999383901;spath;element_wise;;avg;single;power2;exponential
0.3216427999383901;spath;element_wise;;min;single;power2;exponential
0.3216427999383901;spath;element_wise;;max;symmetric;power2;exponential
0.3216427999383901;spath;element_wise;;avg;symmetric;power2;exponential
0.3216427999383901;spath;element_wise;;min;symmetric;power2;exponential
0.3194384316627178;spath;element_wise;;max;single;power1;linear
0.3194384316627178;spath;element_wise;;avg;single;power1;linear
0.3194384316627178;spath;element_wise;;min;single;power1;linear
0.3194384316627178;spath;element_wise;;max;symmetric;power1;linear
0.3194384316627178;spath;element_wise;;avg;symmetric;power1;linear
0.3194384316627178;spath;element_wise;;min;symmetric;power1;linear
0.3182217999951431;spath;element_wise;;avg;single;power1;
0.3182217999951431;spath;element_wise;;avg;symmetric;power1;
0.31556359475210927;spath;element_wise;;max;single;power1;prime
0.31556359475210927;spath;element_wise;;avg;single;power1;prime
0.31556359475210927;spath;element_wise;;min;single;power1;prime
0.31556359475210927;spath;element_wise;;max;symmetric;power1;prime
0.31556359475210927;spath;element_wise;;avg;symmetric;power1;prime
0.31556359475210927;spath;element_wise;;min;symmetric;power1;prime
0.3075328648316352;spath;element_wise;;max;single;power1;exponential
0.3075328648316352;spath;element_wise;;avg;single;power1;exponential
0.3075328648316352;spath;element_wise;;min;single;power1;exponential
0.3075328648316352;spath;element_wise;;max;symmetric;power1;exponential
0.3075328648316352;spath;element_wise;;avg;symmetric;power1;exponential
0.3075328648316352;spath;element_wise;;min;symmetric;power1;exponential
0.3000969968963588;wupalmer;element_wise;;max;single;power2;linear
0.3000969968963588;wupalmer;element_wise;;avg;single;power2;linear
0.3000969968963588;wupalmer;element_wise;;min;single;power2;linear
0.3000969968963588;wupalmer;element_wise;;max;symmetric;power2;linear
0.3000969968963588;wupalmer;element_wise;;avg;symmetric;power2;linear
0.3000969968963588;wupalmer;element_wise;;min;symmetric;power2;linear
0.2982911768569718;wupalmer;one_to_many;max;min;single;power2;
0.29597283981955025;wupalmer;element_wise;;max;single;power2;prime
0.29597283981955025;wupalmer;element_wise;;avg;single;power2;prime
0.29597283981955025;wupalmer;element_wise;;min;single;power2;prime
0.29597283981955025;wupalmer;element_wise;;max;symmetric;power2;prime
0.29597283981955025;wupalmer;element_wise;;avg;symmetric;power2;prime
0.29597283981955025;wupalmer;element_wise;;min;symmetric;power2;prime
0.2957021100726933;wupalmer;element_wise;;avg;single;power2;
0.2957021100726933;wupalmer;element_wise;;avg;symmetric;power2;
0.28981439987599034;wupalmer;element_wise;;max;single;power2;exponential
0.28981439987599034;wupalmer;element_wise;;avg;single;power2;exponential
0.28981439987599034;wupalmer;element_wise;;min;single;power2;exponential
0.28981439987599034;wupalmer;element_wise;;max;symmetric;power2;exponential
0.28981439987599034;wupalmer;element_wise;;avg;symmetric;power2;exponential
0.28981439987599034;wupalmer;element_wise;;min;symmetric;power2;exponential
0.2889479520406979;wupalmer;one_to_many;max;max;single;power1;
0.2889479520406979;wupalmer;one_to_many;max;max;symmetric;power1;
0.2889479520406979;wupalmer;all_to_all;;max;single;power1;
0.2889479520406979;wupalmer;all_to_all;;max;single;power1;linear
0.2889479520406979;wupalmer;all_to_all;;max;single;power1;prime
0.2889479520406979;wupalmer;all_to_all;;max;single;power1;exponential
0.2889479520406979;wupalmer;all_to_all;;max;symmetric;power1;
0.2889479520406979;wupalmer;all_to_all;;max;symmetric;power1;linear
0.2889479520406979;wupalmer;all_to_all;;max;symmetric;power1;prime
0.2889479520406979;wupalmer;all_to_all;;max;symmetric;power1;exponential
0.287977721894654;spath;one_to_many;avg;max;symmetric;power7;
0.28789653393494824;spath;element_wise;;max;single;power7;
0.28789653393494824;spath;element_wise;;max;symmetric;power7;
0.28490577142181644;spath;one_to_many;max;min;single;power1;
0.28482740706702614;spath;one_to_many;avg;max;single;power7;
0.2828261487376542;wupalmer;element_wise;;max;single;power7;
0.2828261487376542;wupalmer;element_wise;;max;symmetric;power7;
0.281772230459833;wupalmer;one_to_many;max;min;single;power1;
0.2806394377301612;spath;element_wise;;max;single;power2;
0.2806394377301612;spath;element_wise;;max;symmetric;power2;
0.28017725507599145;wupalmer;one_to_many;avg;max;symmetric;power7;
0.2800909710410596;wupalmer;one_to_many;avg;min;symmetric;power2;
0.2785351192809936;wupalmer;one_to_many;max;min;single;power7;
0.277538160713144;spath;one_to_many;max;min;single;power2;
0.27690789404616;wupalmer;one_to_many;avg;max;single;power7;
0.27570686407234424;spath;one_to_many;avg;max;symmetric;power2;
0.2744484158279238;wupalmer;one_to_many;avg;min;symmetric;power7;
0.2728974812480952;spath;one_to_many;avg;max;single;power2;
0.2715152758263712;spath;one_to_many;avg;min;symmetric;power2;
0.26934548759292753;wupalmer;element_wise;;max;single;power1;linear
0.26934548759292753;wupalmer;element_wise;;avg;single;power1;linear
0.26934548759292753;wupalmer;element_wise;;min;single;power1;linear
0.26934548759292753;wupalmer;element_wise;;max;symmetric;power1;linear
0.26934548759292753;wupalmer;element_wise;;avg;symmetric;power1;linear
0.26934548759292753;wupalmer;element_wise;;min;symmetric;power1;linear
0.26682435158957685;wupalmer;one_to_many;avg;max;symmetric;power1;exponential
0.26682435158957685;wupalmer;one_to_many;avg;avg;symmetric;power1;exponential
0.26682435158957685;wupalmer;one_to_many;avg;min;symmetric;power1;exponential
0.2652528764984947;spath;element_wise;;max;single;power1;
0.2652528764984947;spath;element_wise;;max;symmetric;power1;
0.26518325313578245;wupalmer;element_wise;;max;single;power1;prime
0.26518325313578245;wupalmer;element_wise;;avg;single;power1;prime
0.26518325313578245;wupalmer;element_wise;;min;single;power1;prime
0.26518325313578245;wupalmer;element_wise;;max;symmetric;power1;prime
0.26518325313578245;wupalmer;element_wise;;avg;symmetric;power1;prime
0.26518325313578245;wupalmer;element_wise;;min;symmetric;power1;prime
0.2639002527126608;wupalmer;one_to_many;avg;max;symmetric;power1;linear
0.2639002527126608;wupalmer;one_to_many;avg;avg;symmetric;power1;linear
0.2639002527126608;wupalmer;one_to_many;avg;min;symmetric;power1;linear
0.26376266268639487;spath;one_to_many;max;min;single;power7;
0.26178806828449697;wupalmer;element_wise;;avg;single;power1;
0.26178806828449697;wupalmer;element_wise;;avg;symmetric;power1;
0.2617791166420813;spath;one_to_many;avg;min;symmetric;power7;
0.2615212530228234;wupalmer;element_wise;;max;single;power1;exponential
0.2615212530228234;wupalmer;element_wise;;avg;single;power1;exponential
0.2615212530228234;wupalmer;element_wise;;min;single;power1;exponential
0.2615212530228234;wupalmer;element_wise;;max;symmetric;power1;exponential
0.2615212530228234;wupalmer;element_wise;;avg;symmetric;power1;exponential
0.2615212530228234;wupalmer;element_wise;;min;symmetric;power1;exponential
0.2611936490369588;wupalmer;one_to_many;avg;max;symmetric;power1;prime
0.2611936490369588;wupalmer;one_to_many;avg;avg;symmetric;power1;prime
0.2611936490369588;wupalmer;one_to_many;avg;min;symmetric;power1;prime
0.26061594966190393;wupalmer;one_to_many;avg;max;single;power1;exponential
0.26061594966190393;wupalmer;one_to_many;avg;avg;single;power1;exponential
0.26061594966190393;wupalmer;one_to_many;avg;min;single;power1;exponential
0.2601245990073576;wupalmer;one_to_many;avg;max;single;power1;linear
0.2601245990073576;wupalmer;one_to_many;avg;avg;single;power1;linear
0.2601245990073576;wupalmer;one_to_many;avg;min;single;power1;linear
0.25899911634569295;spath;one_to_many;avg;min;symmetric;power1;
0.25771854097615177;wupalmer;one_to_many;avg;max;single;power1;prime
0.25771854097615177;wupalmer;one_to_many;avg;avg;single;power1;prime
0.25771854097615177;wupalmer;one_to_many;avg;min;single;power1;prime
0.24292405094827488;wupalmer;all_to_all;;avg;single;power1;
0.24292405094827488;wupalmer;all_to_all;;avg;single;power1;linear
0.24292405094827488;wupalmer;all_to_all;;avg;single;power1;prime
0.24292405094827488;wupalmer;all_to_all;;avg;single;power1;exponential
0.24292405094827488;wupalmer;all_to_all;;avg;symmetric;power1;
0.24292405094827488;wupalmer;all_to_all;;avg;symmetric;power1;linear
0.24292405094827488;wupalmer;all_to_all;;avg;symmetric;power1;prime
0.24292405094827488;wupalmer;all_to_all;;avg;symmetric;power1;exponential
0.24292405094827485;wupalmer;one_to_many;avg;avg;single;power1;
0.24292405094827485;wupalmer;one_to_many;avg;avg;symmetric;power1;
0.23883080976600804;spath;one_to_many;avg;max;single;power1;
0.23799526728712622;spath;one_to_many;avg;max;symmetric;power1;
0.23737870871389066;wupalmer;element_wise;;max;single;power2;
0.23737870871389066;wupalmer;element_wise;;max;symmetric;power2;
0.23172954316619815;wupalmer;one_to_many;avg;min;single;power2;
0.2304135054303939;wupalmer;element_wise;;min;single;power2;
0.2304135054303939;wupalmer;element_wise;;min;symmetric;power2;
0.22879378669568745;wupalmer;one_to_many;avg;min;single;power7;
0.22649111221281684;spath;one_to_many;avg;min;single;power2;
0.2254660839139322;wupalmer;one_to_many;avg;min;symmetric;power1;
0.2229544958560487;spath;element_wise;;min;single;power1;
0.2229544958560487;spath;element_wise;;min;symmetric;power1;
0.22113126876074307;wupalmer;element_wise;;min;single;power7;
0.22113126876074307;wupalmer;element_wise;;min;symmetric;power7;
0.2201139472105339;spath;element_wise;;min;single;power2;
0.2201139472105339;spath;element_wise;;min;symmetric;power2;
0.21868909581385843;spath;one_to_many;avg;min;single;power7;
0.21779785161213214;spath;one_to_many;avg;min;single;power1;
0.21670312179236925;wupalmer;element_wise;;min;single;power1;
0.21670312179236925;wupalmer;element_wise;;min;symmetric;power1;
0.21134506518535628;spath;element_wise;;min;single;power7;
0.21134506518535628;spath;element_wise;;min;symmetric;power7;
0.21061529961240585;wupalmer;one_to_many;avg;max;symmetric;power2;
0.21036884827708105;wupalmer;one_to_many;avg;max;single;power2;
0.2033210552593287;wupalmer;element_wise;;max;single;power1;
0.2033210552593287;wupalmer;element_wise;;max;symmetric;power1;
0.19120455512723739;wupalmer;one_to_many;avg;min;single;power1;
0.16334963371280026;lch;one_to_many;max;min;symmetric;power1;
0.16331452770415508;lch;one_to_many;max;min;symmetric;power2;
0.14826033585378998;wupalmer;one_to_many;avg;max;single;power1;
0.14204987137559272;wupalmer;one_to_many;avg;max;symmetric;power1;
0.11762971407596723;lch;one_to_many;max;min;single;power1;
0.10645637770469564;lch;one_to_many;max;min;single;power2;
0.10123302872789482;lch;element_wise;;min;single;power2;
0.10123302872789482;lch;element_wise;;min;symmetric;power2;
0.09580067936922475;lch;element_wise;;min;single;power1;
0.09580067936922475;lch;element_wise;;min;symmetric;power1;
0.06724392023691761;lch;one_to_many;max;max;symmetric;power1;exponential
0.06724392023691761;lch;one_to_many;max;avg;symmetric;power1;exponential
0.06724392023691761;lch;one_to_many;max;min;symmetric;power1;exponential
0.061804628001052415;lch;one_to_many;avg;min;symmetric;power2;
0.05946904461850453;lch;one_to_many;max;max;symmetric;power1;linear
0.05946904461850453;lch;one_to_many;max;avg;symmetric;power1;linear
0.05946904461850453;lch;one_to_many;max;min;symmetric;power1;linear
0.057967594464231845;lch;one_to_many;max;max;symmetric;power1;prime
0.057967594464231845;lch;one_to_many;max;avg;symmetric;power1;prime
0.057967594464231845;lch;one_to_many;max;min;symmetric;power1;prime
0.05019145506726395;lch;one_to_many;max;max;single;power1;exponential
0.05019145506726395;lch;one_to_many;max;avg;single;power1;exponential
0.05019145506726395;lch;one_to_many;max;min;single;power1;exponential
0.046556995577750226;lch;element_wise;;max;single;power1;exponential
0.046556995577750226;lch;element_wise;;avg;single;power1;exponential
0.046556995577750226;lch;element_wise;;min;single;power1;exponential
0.046556995577750226;lch;element_wise;;max;symmetric;power1;exponential
0.046556995577750226;lch;element_wise;;avg;symmetric;power1;exponential
0.046556995577750226;lch;element_wise;;min;symmetric;power1;exponential
0.04567025402602139;lch;one_to_many;avg;min;symmetric;power1;
0.04480809292065125;lch;one_to_many;avg;min;single;power2;
0.0436032495199125;lch;one_to_many;max;max;single;power1;linear
0.0436032495199125;lch;one_to_many;max;avg;single;power1;linear
0.0436032495199125;lch;one_to_many;max;min;single;power1;linear
0.04295994711345559;lch;element_wise;;max;single;power1;linear
0.04295994711345559;lch;element_wise;;avg;single;power1;linear
0.04295994711345559;lch;element_wise;;min;single;power1;linear
0.04295994711345559;lch;element_wise;;max;symmetric;power1;linear
0.04295994711345559;lch;element_wise;;avg;symmetric;power1;linear
0.04295994711345559;lch;element_wise;;min;symmetric;power1;linear
0.0416458963321153;lch;one_to_many;max;max;single;power1;prime
0.0416458963321153;lch;one_to_many;max;avg;single;power1;prime
0.0416458963321153;lch;one_to_many;max;min;single;power1;prime
0.039104186707607284;lch;element_wise;;max;single;power1;prime
0.039104186707607284;lch;element_wise;;avg;single;power1;prime
0.039104186707607284;lch;element_wise;;min;single;power1;prime
0.039104186707607284;lch;element_wise;;max;symmetric;power1;prime
0.039104186707607284;lch;element_wise;;avg;symmetric;power1;prime
0.039104186707607284;lch;element_wise;;min;symmetric;power1;prime
0.03768325775875697;lch;one_to_many;max;max;symmetric;power2;exponential
0.03768325775875697;lch;one_to_many;max;avg;symmetric;power2;exponential
0.03768325775875697;lch;one_to_many;max;min;symmetric;power2;exponential
0.03680042707645713;spath;one_to_many;min;max;single;power7;exponential
0.03680042707645713;spath;one_to_many;min;avg;single;power7;exponential
0.03680042707645713;spath;one_to_many;min;min;single;power7;exponential
0.03647143693430224;spath;one_to_many;min;max;single;power7;prime
0.03647143693430224;spath;one_to_many;min;avg;single;power7;prime
0.03647143693430224;spath;one_to_many;min;min;single;power7;prime
0.03641047541399133;spath;one_to_many;min;max;single;power7;linear
0.03641047541399133;spath;one_to_many;min;avg;single;power7;linear
0.03641047541399133;spath;one_to_many;min;min;single;power7;linear
0.03558134276217374;lch;one_to_many;max;avg;symmetric;power1;
0.03546457596043456;wupalmer;one_to_many;min;max;single;power7;exponential
0.03546457596043456;wupalmer;one_to_many;min;avg;single;power7;exponential
0.03546457596043456;wupalmer;one_to_many;min;min;single;power7;exponential
0.035034249669930496;wupalmer;one_to_many;min;max;single;power7;linear
0.035034249669930496;wupalmer;one_to_many;min;avg;single;power7;linear
0.035034249669930496;wupalmer;one_to_many;min;min;single;power7;linear
0.034958016901960834;lch;one_to_many;avg;min;single;power1;
0.03491257726395957;wupalmer;one_to_many;min;max;single;power7;prime
0.03491257726395957;wupalmer;one_to_many;min;avg;single;power7;prime
0.03491257726395957;wupalmer;one_to_many;min;min;single;power7;prime
0.03460748258857328;spath;one_to_many;min;avg;single;power7;
0.034055526903127936;spath;one_to_many;min;max;single;power2;exponential
0.034055526903127936;spath;one_to_many;min;avg;single;power2;exponential
0.034055526903127936;spath;one_to_many;min;min;single;power2;exponential
0.03362062147121118;spath;one_to_many;min;max;single;power2;linear
0.03362062147121118;spath;one_to_many;min;avg;single;power2;linear
0.03362062147121118;spath;one_to_many;min;min;single;power2;linear
0.03349247920628;spath;one_to_many;min;max;single;power2;prime
0.03349247920628;spath;one_to_many;min;avg;single;power2;prime
0.03349247920628;spath;one_to_many;min;min;single;power2;prime
0.03297391388707474;spath;one_to_many;min;max;symmetric;power7;exponential
0.03297391388707474;spath;one_to_many;min;avg;symmetric;power7;exponential
0.03297391388707474;spath;one_to_many;min;min;symmetric;power7;exponential
0.03263193046544722;spath;one_to_many;min;max;symmetric;power7;linear
0.03263193046544722;spath;one_to_many;min;avg;symmetric;power7;linear
0.03263193046544722;spath;one_to_many;min;min;symmetric;power7;linear
0.03260538829567474;wupalmer;one_to_many;min;avg;single;power7;
0.032493972499535076;spath;one_to_many;min;max;symmetric;power7;prime
0.032493972499535076;spath;one_to_many;min;avg;symmetric;power7;prime
0.032493972499535076;spath;one_to_many;min;min;symmetric;power7;prime
0.031565625518320976;wupalmer;one_to_many;min;max;symmetric;power7;exponential
0.031565625518320976;wupalmer;one_to_many;min;avg;symmetric;power7;exponential
0.031565625518320976;wupalmer;one_to_many;min;min;symmetric;power7;exponential
0.031199770561737183;wupalmer;one_to_many;min;max;symmetric;power7;linear
0.031199770561737183;wupalmer;one_to_many;min;avg;symmetric;power7;linear
0.031199770561737183;wupalmer;one_to_many;min;min;symmetric;power7;linear
0.031196933962468122;spath;one_to_many;min;avg;single;power2;
0.030967400041031906;spath;one_to_many;min;avg;symmetric;power7;
0.030927452189974558;wupalmer;one_to_many;min;max;symmetric;power7;prime
0.030927452189974558;wupalmer;one_to_many;min;avg;symmetric;power7;prime
0.030927452189974558;wupalmer;one_to_many;min;min;symmetric;power7;prime
0.03032767558523709;spath;one_to_many;min;max;symmetric;power2;exponential
0.03032767558523709;spath;one_to_many;min;avg;symmetric;power2;exponential
0.03032767558523709;spath;one_to_many;min;min;symmetric;power2;exponential
0.029968762597013268;spath;one_to_many;min;max;symmetric;power2;linear
0.029968762597013268;spath;one_to_many;min;avg;symmetric;power2;linear
0.029968762597013268;spath;one_to_many;min;min;symmetric;power2;linear
0.029693612258707765;spath;one_to_many;min;max;single;power7;
0.02966760632307089;spath;one_to_many;min;max;symmetric;power2;prime
0.02966760632307089;spath;one_to_many;min;avg;symmetric;power2;prime
0.02966760632307089;spath;one_to_many;min;min;symmetric;power2;prime
0.02902695956534319;wupalmer;one_to_many;min;avg;symmetric;power7;
0.0285999400133743;lch;one_to_many;max;max;symmetric;power2;linear
0.0285999400133743;lch;one_to_many;max;avg;symmetric;power2;linear
0.0285999400133743;lch;one_to_many;max;min;symmetric;power2;linear
0.0283726249982861;spath;one_to_many;min;min;single;power7;
0.0283726249982861;spath;one_to_many;min;min;symmetric;power7;
0.0283726249982861;spath;all_to_all;;min;single;power7;
0.0283726249982861;spath;all_to_all;;min;single;power7;linear
0.0283726249982861;spath;all_to_all;;min;single;power7;prime
0.0283726249982861;spath;all_to_all;;min;single;power7;exponential
0.0283726249982861;spath;all_to_all;;min;symmetric;power7;
0.0283726249982861;spath;all_to_all;;min;symmetric;power7;linear
0.0283726249982861;spath;all_to_all;;min;symmetric;power7;prime
0.0283726249982861;spath;all_to_all;;min;symmetric;power7;exponential
0.02836520336404295;wupalmer;one_to_many;min;min;single;power7;
0.02836520336404295;wupalmer;one_to_many;min;min;symmetric;power7;
0.02836520336404295;wupalmer;all_to_all;;min;single;power7;
0.02836520336404295;wupalmer;all_to_all;;min;single;power7;linear
0.02836520336404295;wupalmer;all_to_all;;min;single;power7;prime
0.02836520336404295;wupalmer;all_to_all;;min;single;power7;exponential
0.02836520336404295;wupalmer;all_to_all;;min;symmetric;power7;
0.02836520336404295;wupalmer;all_to_all;;min;symmetric;power7;linear
0.02836520336404295;wupalmer;all_to_all;;min;symmetric;power7;prime
0.02836520336404295;wupalmer;all_to_all;;min;symmetric;power7;exponential
0.027738705006876262;spath;one_to_many;min;avg;symmetric;power2;
0.02700716197689762;spath;one_to_many;min;min;single;power2;
0.02700716197689762;spath;one_to_many;min;min;symmetric;power2;
0.02700716197689762;spath;all_to_all;;min;single;power2;
0.02700716197689762;spath;all_to_all;;min;single;power2;linear
0.02700716197689762;spath;all_to_all;;min;single;power2;prime
0.02700716197689762;spath;all_to_all;;min;single;power2;exponential
0.02700716197689762;spath;all_to_all;;min;symmetric;power2;
0.02700716197689762;spath;all_to_all;;min;symmetric;power2;linear
0.02700716197689762;spath;all_to_all;;min;symmetric;power2;prime
0.02700716197689762;spath;all_to_all;;min;symmetric;power2;exponential
0.026981882619482367;spath;one_to_many;min;max;symmetric;power7;
0.02697888556685759;lch;one_to_many;max;max;symmetric;power2;prime
0.02697888556685759;lch;one_to_many;max;avg;symmetric;power2;prime
0.02697888556685759;lch;one_to_many;max;min;symmetric;power2;prime
0.026483760626955004;wupalmer;one_to_many;min;max;single;power7;
0.02615890214832404;spath;one_to_many;min;max;single;power1;exponential
0.02615890214832404;spath;one_to_many;min;avg;single;power1;exponential
0.02615890214832404;spath;one_to_many;min;min;single;power1;exponential
0.025824509022186984;lch;element_wise;;max;single;power2;exponential
0.025824509022186984;lch;element_wise;;avg;single;power2;exponential
0.025824509022186984;lch;element_wise;;min;single;power2;exponential
0.025824509022186984;lch;element_wise;;max;symmetric;power2;exponential
0.025824509022186984;lch;element_wise;;avg;symmetric;power2;exponential
0.025824509022186984;lch;element_wise;;min;symmetric;power2;exponential
0.02580530532034962;spath;one_to_many;min;max;single;power2;
0.025680972329931436;spath;one_to_many;min;max;single;power1;linear
0.025680972329931436;spath;one_to_many;min;avg;single;power1;linear
0.025680972329931436;spath;one_to_many;min;min;single;power1;linear
0.025396167333174055;spath;one_to_many;min;max;single;power1;prime
0.025396167333174055;spath;one_to_many;min;avg;single;power1;prime
0.025396167333174055;spath;one_to_many;min;min;single;power1;prime
0.02356808107046493;wupalmer;one_to_many;min;max;single;power2;exponential
0.02356808107046493;wupalmer;one_to_many;min;avg;single;power2;exponential
0.02356808107046493;wupalmer;one_to_many;min;min;single;power2;exponential
0.023073897603813218;wupalmer;one_to_many;min;max;symmetric;power7;
0.023042333520166245;wupalmer;one_to_many;min;max;single;power2;linear
0.023042333520166245;wupalmer;one_to_many;min;avg;single;power2;linear
0.023042333520166245;wupalmer;one_to_many;min;min;single;power2;linear
0.022948463734329006;spath;one_to_many;min;avg;single;power1;
0.022718077343627848;spath;one_to_many;min;max;symmetric;power1;exponential
0.022718077343627848;spath;one_to_many;min;avg;symmetric;power1;exponential
0.022718077343627848;spath;one_to_many;min;min;symmetric;power1;exponential
0.022410070896681143;wupalmer;one_to_many;min;min;single;power2;
0.022410070896681143;wupalmer;one_to_many;min;min;symmetric;power2;
0.022410070896681143;wupalmer;all_to_all;;min;single;power2;
0.022410070896681143;wupalmer;all_to_all;;min;single;power2;linear
0.022410070896681143;wupalmer;all_to_all;;min;single;power2;prime
0.022410070896681143;wupalmer;all_to_all;;min;single;power2;exponential
0.022410070896681143;wupalmer;all_to_all;;min;symmetric;power2;
0.022410070896681143;wupalmer;all_to_all;;min;symmetric;power2;linear
0.022410070896681143;wupalmer;all_to_all;;min;symmetric;power2;prime
0.022410070896681143;wupalmer;all_to_all;;min;symmetric;power2;exponential
0.022357269622479962;spath;one_to_many;min;max;symmetric;power1;linear
0.022357269622479962;spath;one_to_many;min;avg;symmetric;power1;linear
0.022357269622479962;spath;one_to_many;min;min;symmetric;power1;linear
0.02225773798628857;wupalmer;one_to_many;min;max;single;power2;prime
0.02225773798628857;wupalmer;one_to_many;min;avg;single;power2;prime
0.02225773798628857;wupalmer;one_to_many;min;min;single;power2;prime
0.022181955496618288;spath;one_to_many;min;max;symmetric;power2;
0.021920874353433047;spath;one_to_many;min;max;symmetric;power1;prime
0.021920874353433047;spath;one_to_many;min;avg;symmetric;power1;prime
0.021920874353433047;spath;one_to_many;min;min;symmetric;power1;prime
0.021296852630072877;lch;one_to_many;max;avg;single;power1;
0.020931528783367685;lch;one_to_many;max;max;single;power2;exponential
0.020931528783367685;lch;one_to_many;max;avg;single;power2;exponential
0.020931528783367685;lch;one_to_many;max;min;single;power2;exponential
0.02054228467235153;lch;element_wise;;avg;single;power1;
0.02054228467235153;lch;element_wise;;avg;symmetric;power1;
0.020528090693316285;lch;element_wise;;max;single;power2;linear
0.020528090693316285;lch;element_wise;;avg;single;power2;linear
0.020528090693316285;lch;element_wise;;min;single;power2;linear
0.020528090693316285;lch;element_wise;;max;symmetric;power2;linear
0.020528090693316285;lch;element_wise;;avg;symmetric;power2;linear
0.020528090693316285;lch;element_wise;;min;symmetric;power2;linear
0.020291279243422777;spath;one_to_many;min;min;single;power1;
0.020291279243422777;spath;one_to_many;min;min;symmetric;power1;
0.020291279243422777;spath;all_to_all;;min;single;power1;
0.020291279243422777;spath;all_to_all;;min;single;power1;linear
0.020291279243422777;spath;all_to_all;;min;single;power1;prime
0.020291279243422777;spath;all_to_all;;min;single;power1;exponential
0.020291279243422777;spath;all_to_all;;min;symmetric;power1;
0.020291279243422777;spath;all_to_all;;min;symmetric;power1;linear
0.020291279243422777;spath;all_to_all;;min;symmetric;power1;prime
0.020291279243422777;spath;all_to_all;;min;symmetric;power1;exponential
0.019808534436901518;spath;one_to_many;min;avg;symmetric;power1;
0.019653120123536823;wupalmer;one_to_many;min;max;symmetric;power2;exponential
0.019653120123536823;wupalmer;one_to_many;min;avg;symmetric;power2;exponential
0.019653120123536823;wupalmer;one_to_many;min;min;symmetric;power2;exponential
0.01952298953214523;spath;one_to_many;min;max;single;power1;
0.019353271208548156;wupalmer;one_to_many;min;max;symmetric;power2;linear
0.019353271208548156;wupalmer;one_to_many;min;avg;symmetric;power2;linear
0.019353271208548156;wupalmer;one_to_many;min;min;symmetric;power2;linear
0.018682970866568685;wupalmer;one_to_many;min;avg;single;power2;
0.018545582518647977;wupalmer;one_to_many;min;max;symmetric;power2;prime
0.018545582518647977;wupalmer;one_to_many;min;avg;symmetric;power2;prime
0.018545582518647977;wupalmer;one_to_many;min;min;symmetric;power2;prime
0.016155981131684264;lch;element_wise;;max;single;power2;prime
0.016155981131684264;lch;element_wise;;avg;single;power2;prime
0.016155981131684264;lch;element_wise;;min;single;power2;prime
0.016155981131684264;lch;element_wise;;max;symmetric;power2;prime
0.016155981131684264;lch;element_wise;;avg;symmetric;power2;prime
0.016155981131684264;lch;element_wise;;min;symmetric;power2;prime
0.015593280588700463;wupalmer;one_to_many;min;avg;symmetric;power2;
0.014510775739078028;spath;one_to_many;min;max;symmetric;power1;
0.01298830066548668;wupalmer;one_to_many;min;max;single;power1;exponential
0.01298830066548668;wupalmer;one_to_many;min;avg;single;power1;exponential
0.01298830066548668;wupalmer;one_to_many;min;min;single;power1;exponential
0.012880227519092825;lch;one_to_many;max;max;single;power2;linear
0.012880227519092825;lch;one_to_many;max;avg;single;power2;linear
0.012880227519092825;lch;one_to_many;max;min;single;power2;linear
0.012523732397042103;wupalmer;one_to_many;min;max;single;power1;linear
0.012523732397042103;wupalmer;one_to_many;min;avg;single;power1;linear
0.012523732397042103;wupalmer;one_to_many;min;min;single;power1;linear
0.012439950595919031;wupalmer;one_to_many;min;min;single;power1;
0.012439950595919031;wupalmer;one_to_many;min;min;symmetric;power1;
0.012439950595919031;wupalmer;all_to_all;;min;single;power1;
0.012439950595919031;wupalmer;all_to_all;;min;single;power1;linear
0.012439950595919031;wupalmer;all_to_all;;min;single;power1;prime
0.012439950595919031;wupalmer;all_to_all;;min;single;power1;exponential
0.012439950595919031;wupalmer;all_to_all;;min;symmetric;power1;
0.012439950595919031;wupalmer;all_to_all;;min;symmetric;power1;linear
0.012439950595919031;wupalmer;all_to_all;;min;symmetric;power1;prime
0.012439950595919031;wupalmer;all_to_all;;min;symmetric;power1;exponential
0.01178852774239247;wupalmer;one_to_many;min;max;single;power1;prime
0.01178852774239247;wupalmer;one_to_many;min;avg;single;power1;prime
0.01178852774239247;wupalmer;one_to_many;min;min;single;power1;prime
0.010606964347681902;wupalmer;one_to_many;min;max;single;power2;
0.010573072090403209;lch;one_to_many;max;max;single;power2;prime
0.010573072090403209;lch;one_to_many;max;avg;single;power2;prime
0.010573072090403209;lch;one_to_many;max;min;single;power2;prime
0.010037608982622083;wupalmer;one_to_many;min;max;symmetric;power1;exponential
0.010037608982622083;wupalmer;one_to_many;min;avg;symmetric;power1;exponential
0.010037608982622083;wupalmer;one_to_many;min;min;symmetric;power1;exponential
0.009793262909038394;wupalmer;one_to_many;min;max;symmetric;power1;linear
0.009793262909038394;wupalmer;one_to_many;min;avg;symmetric;power1;linear
0.009793262909038394;wupalmer;one_to_many;min;min;symmetric;power1;linear
0.009055400394908713;wupalmer;one_to_many;min;max;symmetric;power1;prime
0.009055400394908713;wupalmer;one_to_many;min;avg;symmetric;power1;prime
0.009055400394908713;wupalmer;one_to_many;min;min;symmetric;power1;prime
0.0088053870711621;wupalmer;one_to_many;min;avg;single;power1;
0.008235121056953858;lch;one_to_many;avg;max;symmetric;power1;exponential
0.008235121056953858;lch;one_to_many;avg;avg;symmetric;power1;exponential
0.008235121056953858;lch;one_to_many;avg;min;symmetric;power1;exponential
0.007197646092006221;lch;one_to_many;avg;max;single;power1;exponential
0.007197646092006221;lch;one_to_many;avg;avg;single;power1;exponential
0.007197646092006221;lch;one_to_many;avg;min;single;power1;exponential
0.006575385944284777;wupalmer;one_to_many;min;avg;symmetric;power1;
0.005824246582141188;lch;one_to_many;max;max;single;power7;
0.005824246582141188;lch;one_to_many;max;max;symmetric;power7;
0.005824246582141188;lch;all_to_all;;max;single;power7;
0.005824246582141188;lch;all_to_all;;max;single;power7;linear
0.005824246582141188;lch;all_to_all;;max;single;power7;prime
0.005824246582141188;lch;all_to_all;;max;single;power7;exponential
0.005824246582141188;lch;all_to_all;;max;symmetric;power7;
0.005824246582141188;lch;all_to_all;;max;symmetric;power7;linear
0.005824246582141188;lch;all_to_all;;max;symmetric;power7;prime
0.005824246582141188;lch;all_to_all;;max;symmetric;power7;exponential
0.003948037089166126;wupalmer;one_to_many;min;max;symmetric;power2;
0.003703147702813131;lch;one_to_many;avg;max;symmetric;power1;linear
0.003703147702813131;lch;one_to_many;avg;avg;symmetric;power1;linear
0.003703147702813131;lch;one_to_many;avg;min;symmetric;power1;linear
0.0035684745162081503;wupalmer;one_to_many;min;max;single;power1;
0.002909312441615133;lch;one_to_many;avg;max;single;power1;linear
0.002909312441615133;lch;one_to_many;avg;avg;single;power1;linear
0.002909312441615133;lch;one_to_many;avg;min;single;power1;linear
0.002313136700736118;lch;one_to_many;avg;max;symmetric;power1;prime
0.002313136700736118;lch;one_to_many;avg;avg;symmetric;power1;prime
0.002313136700736118;lch;one_to_many;avg;min;symmetric;power1;prime
0.001788479403717764;lch;one_to_many;max;avg;symmetric;power2;
0.001347205310439226;lch;one_to_many;avg;max;single;power1;prime
0.001347205310439226;lch;one_to_many;avg;avg;single;power1;prime
0.001347205310439226;lch;one_to_many;avg;min;single;power1;prime
0.0009403136805633929;lch;element_wise;;max;single;power7;
0.0009403136805633929;lch;element_wise;;max;symmetric;power7;
-0.0017138288349344073;lch;one_to_many;avg;max;single;power7;
-0.002970184275998113;wupalmer;one_to_many;min;max;symmetric;power1;
-0.005040586701748957;lch;one_to_many;max;max;symmetric;power7;exponential
-0.005040586701748957;lch;one_to_many;max;avg;symmetric;power7;exponential
-0.005040586701748957;lch;one_to_many;max;min;symmetric;power7;exponential
-0.0056159743859564605;lch;one_to_many;avg;max;symmetric;power2;exponential
-0.0056159743859564605;lch;one_to_many;avg;avg;symmetric;power2;exponential
-0.0056159743859564605;lch;one_to_many;avg;min;symmetric;power2;exponential
-0.00614601349726594;lch;element_wise;;avg;single;power2;
-0.00614601349726594;lch;element_wise;;avg;symmetric;power2;
-0.006263624501360334;lch;one_to_many;avg;max;single;power2;exponential
-0.006263624501360334;lch;one_to_many;avg;avg;single;power2;exponential
-0.006263624501360334;lch;one_to_many;avg;min;single;power2;exponential
-0.006833598651039883;lch;one_to_many;min;min;single;power7;
-0.006833598651039883;lch;one_to_many;min;min;symmetric;power7;
-0.006833598651039883;lch;all_to_all;;min;single;power7;
-0.006833598651039883;lch;all_to_all;;min;single;power7;linear
-0.006833598651039883;lch;all_to_all;;min;single;power7;prime
-0.006833598651039883;lch;all_to_all;;min;single;power7;exponential
-0.006833598651039883;lch;all_to_all;;min;symmetric;power7;
-0.006833598651039883;lch;all_to_all;;min;symmetric;power7;linear
-0.006833598651039883;lch;all_to_all;;min;symmetric;power7;prime
-0.006833598651039883;lch;all_to_all;;min;symmetric;power7;exponential
-0.007436475331203549;lch;one_to_many;min;max;single;power7;linear
-0.007436475331203549;lch;one_to_many;min;avg;single;power7;linear
-0.007436475331203549;lch;one_to_many;min;min;single;power7;linear
-0.007461916416307097;lch;one_to_many;min;max;single;power7;exponential
-0.007461916416307097;lch;one_to_many;min;avg;single;power7;exponential
-0.007461916416307097;lch;one_to_many;min;min;single;power7;exponential
-0.008394096004357402;lch;one_to_many;max;max;symmetric;power7;prime
-0.008394096004357402;lch;one_to_many;max;avg;symmetric;power7;prime
-0.008394096004357402;lch;one_to_many;max;min;symmetric;power7;prime
-0.00843356814813786;lch;one_to_many;max;max;symmetric;power7;linear
-0.00843356814813786;lch;one_to_many;max;avg;symmetric;power7;linear
-0.00843356814813786;lch;one_to_many;max;min;symmetric;power7;linear
-0.008723947956706366;lch;one_to_many;avg;max;symmetric;power7;
-0.009537201512526515;lch;one_to_many;min;max;single;power7;prime
-0.009537201512526515;lch;one_to_many;min;avg;single;power7;prime
-0.009537201512526515;lch;one_to_many;min;min;single;power7;prime
-0.01013745823474022;lch;one_to_many;avg;max;single;power7;exponential
-0.01013745823474022;lch;one_to_many;avg;avg;single;power7;exponential
-0.01013745823474022;lch;one_to_many;avg;min;single;power7;exponential
-0.010140117053308712;lch;one_to_many;max;max;single;power7;exponential
-0.010140117053308712;lch;one_to_many;max;avg;single;power7;exponential
-0.010140117053308712;lch;one_to_many;max;min;single;power7;exponential
-0.011399412768395383;lch;one_to_many;avg;avg;single;power1;
-0.011399412768395388;lch;one_to_many;avg;avg;symmetric;power1;
-0.011399412768395466;lch;all_to_all;;avg;symmetric;power1;
-0.011399412768395466;lch;all_to_all;;avg;symmetric;power1;linear
-0.011399412768395466;lch;all_to_all;;avg;symmetric;power1;prime
-0.011399412768395466;lch;all_to_all;;avg;symmetric;power1;exponential
-0.011399412768395468;lch;all_to_all;;avg;single;power1;
-0.011399412768395468;lch;all_to_all;;avg;single;power1;linear
-0.011399412768395468;lch;all_to_all;;avg;single;power1;prime
-0.011399412768395468;lch;all_to_all;;avg;single;power1;exponential
-0.011715077927282212;lch;element_wise;;min;single;power7;
-0.011715077927282212;lch;element_wise;;min;symmetric;power7;
-0.012180365744214168;lch;one_to_many;avg;max;symmetric;power7;exponential
-0.012180365744214168;lch;one_to_many;avg;avg;symmetric;power7;exponential
-0.012180365744214168;lch;one_to_many;avg;min;symmetric;power7;exponential
-0.012500990508874564;lch;one_to_many;max;max;single;power7;linear
-0.012500990508874564;lch;one_to_many;max;avg;single;power7;linear
-0.012500990508874564;lch;one_to_many;max;min;single;power7;linear
-0.012541150940489375;lch;one_to_many;avg;max;symmetric;power2;linear
-0.012541150940489375;lch;one_to_many;avg;avg;symmetric;power2;linear
-0.012541150940489375;lch;one_to_many;avg;min;symmetric;power2;linear
-0.0125610060053189;lch;one_to_many;avg;max;single;power7;linear
-0.0125610060053189;lch;one_to_many;avg;avg;single;power7;linear
-0.0125610060053189;lch;one_to_many;avg;min;single;power7;linear
-0.012818663521967514;lch;one_to_many;max;avg;single;power2;
-0.012865060577526663;lch;one_to_many;avg;max;single;power2;linear
-0.012865060577526663;lch;one_to_many;avg;avg;single;power2;linear
-0.012865060577526663;lch;one_to_many;avg;min;single;power2;linear
-0.01288700661862261;lch;one_to_many;max;avg;symmetric;power7;
-0.012956068579784097;lch;element_wise;;max;single;power7;exponential
-0.012956068579784097;lch;element_wise;;avg;single;power7;exponential
-0.012956068579784097;lch;element_wise;;min;single;power7;exponential
-0.012956068579784097;lch;element_wise;;max;symmetric;power7;exponential
-0.012956068579784097;lch;element_wise;;avg;symmetric;power7;exponential
-0.012956068579784097;lch;element_wise;;min;symmetric;power7;exponential
-0.013476700325904856;lch;one_to_many;min;avg;single;power7;
-0.014004653620533075;lch;one_to_many;avg;max;single;power7;prime
-0.014004653620533075;lch;one_to_many;avg;avg;single;power7;prime
-0.014004653620533075;lch;one_to_many;avg;min;single;power7;prime
-0.01410670446609794;lch;one_to_many;max;max;single;power7;prime
-0.01410670446609794;lch;one_to_many;max;avg;single;power7;prime
-0.01410670446609794;lch;one_to_many;max;min;single;power7;prime
-0.014472386372606491;lch;one_to_many;avg;max;symmetric;power2;prime
-0.014472386372606491;lch;one_to_many;avg;avg;symmetric;power2;prime
-0.014472386372606491;lch;one_to_many;avg;min;symmetric;power2;prime
-0.015062974843531082;lch;one_to_many;min;max;single;power7;
-0.015269045667312901;lch;one_to_many;avg;max;symmetric;power7;linear
-0.015269045667312901;lch;one_to_many;avg;avg;symmetric;power7;linear
-0.015269045667312901;lch;one_to_many;avg;min;symmetric;power7;linear
-0.015284842581068438;lch;one_to_many;avg;max;symmetric;power7;prime
-0.015284842581068438;lch;one_to_many;avg;avg;symmetric;power7;prime
-0.015284842581068438;lch;one_to_many;avg;min;symmetric;power7;prime
-0.015312269838917841;lch;one_to_many;avg;max;single;power2;prime
-0.015312269838917841;lch;one_to_many;avg;avg;single;power2;prime
-0.015312269838917841;lch;one_to_many;avg;min;single;power2;prime
-0.015978113678963096;lch;element_wise;;max;single;power7;linear
-0.015978113678963096;lch;element_wise;;avg;single;power7;linear
-0.015978113678963096;lch;element_wise;;min;single;power7;linear
-0.015978113678963096;lch;element_wise;;max;symmetric;power7;linear
-0.015978113678963096;lch;element_wise;;avg;symmetric;power7;linear
-0.015978113678963096;lch;element_wise;;min;symmetric;power7;linear
-0.016647942582325402;lch;element_wise;;max;single;power7;prime
-0.016647942582325402;lch;element_wise;;avg;single;power7;prime
-0.016647942582325402;lch;element_wise;;min;single;power7;prime
-0.016647942582325402;lch;element_wise;;max;symmetric;power7;prime
-0.016647942582325402;lch;element_wise;;avg;symmetric;power7;prime
-0.016647942582325402;lch;element_wise;;min;symmetric;power7;prime
-0.017192201211816062;lch;one_to_many;min;max;symmetric;power7;exponential
-0.017192201211816062;lch;one_to_many;min;avg;symmetric;power7;exponential
-0.017192201211816062;lch;one_to_many;min;min;symmetric;power7;exponential
-0.0173035512648114;lch;one_to_many;min;max;symmetric;power7;linear
-0.0173035512648114;lch;one_to_many;min;avg;symmetric;power7;linear
-0.0173035512648114;lch;one_to_many;min;min;symmetric;power7;linear
-0.019633502550084177;lch;one_to_many;max;avg;single;power7;
-0.019715852218739963;lch;one_to_many;avg;min;symmetric;power7;
-0.01981440319341234;lch;one_to_many;min;max;symmetric;power7;prime
-0.01981440319341234;lch;one_to_many;min;avg;symmetric;power7;prime
-0.01981440319341234;lch;one_to_many;min;min;symmetric;power7;prime
-0.020190655052562297;lch;all_to_all;;avg;single;power7;
-0.020190655052562297;lch;all_to_all;;avg;single;power7;linear
-0.020190655052562297;lch;all_to_all;;avg;single;power7;prime
-0.020190655052562297;lch;all_to_all;;avg;single;power7;exponential
-0.020190655052562297;lch;all_to_all;;avg;symmetric;power7;
-0.020190655052562297;lch;all_to_all;;avg;symmetric;power7;linear
-0.020190655052562297;lch;all_to_all;;avg;symmetric;power7;prime
-0.020190655052562297;lch;all_to_all;;avg;symmetric;power7;exponential
-0.0201906550525623;lch;one_to_many;avg;avg;symmetric;power7;
-0.020190655052562304;lch;one_to_many;avg;avg;single;power7;
-0.020502090038617832;lch;element_wise;;avg;single;power7;
-0.020502090038617832;lch;element_wise;;avg;symmetric;power7;
-0.02067584469185478;lch;one_to_many;avg;min;single;power7;
-0.02137537801806832;lch;one_to_many;max;min;single;power7;
-0.02180709391945349;lch;one_to_many;max;min;symmetric;power7;
-0.024262213987227693;lch;one_to_many;min;avg;symmetric;power7;
-0.02578479713827788;lch;one_to_many;min;min;single;power2;
-0.02578479713827788;lch;one_to_many;min;min;symmetric;power2;
-0.02578479713827788;lch;all_to_all;;min;single;power2;
-0.02578479713827788;lch;all_to_all;;min;single;power2;linear
-0.02578479713827788;lch;all_to_all;;min;single;power2;prime
-0.02578479713827788;lch;all_to_all;;min;single;power2;exponential
-0.02578479713827788;lch;all_to_all;;min;symmetric;power2;
-0.02578479713827788;lch;all_to_all;;min;symmetric;power2;linear
-0.02578479713827788;lch;all_to_all;;min;symmetric;power2;prime
-0.02578479713827788;lch;all_to_all;;min;symmetric;power2;exponential
-0.02625620852112373;lch;one_to_many;min;min;single;power1;
-0.02625620852112373;lch;one_to_many;min;min;symmetric;power1;
-0.02625620852112373;lch;all_to_all;;min;single;power1;
-0.02625620852112373;lch;all_to_all;;min;single;power1;linear
-0.02625620852112373;lch;all_to_all;;min;single;power1;prime
-0.02625620852112373;lch;all_to_all;;min;single;power1;exponential
-0.02625620852112373;lch;all_to_all;;min;symmetric;power1;
-0.02625620852112373;lch;all_to_all;;min;symmetric;power1;linear
-0.02625620852112373;lch;all_to_all;;min;symmetric;power1;prime
-0.02625620852112373;lch;all_to_all;;min;symmetric;power1;exponential
-0.02931037818362717;lch;one_to_many;min;max;symmetric;power7;
-0.030272543587259046;lch;one_to_many;min;max;symmetric;power1;exponential
-0.030272543587259046;lch;one_to_many;min;avg;symmetric;power1;exponential
-0.030272543587259046;lch;one_to_many;min;min;symmetric;power1;exponential
-0.030500759840071542;lch;one_to_many;min;max;symmetric;power1;linear
-0.030500759840071542;lch;one_to_many;min;avg;symmetric;power1;linear
-0.030500759840071542;lch;one_to_many;min;min;symmetric;power1;linear
-0.031073943806602243;lch;one_to_many;min;max;single;power1;exponential
-0.031073943806602243;lch;one_to_many;min;avg;single;power1;exponential
-0.031073943806602243;lch;one_to_many;min;min;single;power1;exponential
-0.03131822872265924;lch;one_to_many;min;max;symmetric;power1;prime
-0.03131822872265924;lch;one_to_many;min;avg;symmetric;power1;prime
-0.03131822872265924;lch;one_to_many;min;min;symmetric;power1;prime
-0.0313337025011962;lch;one_to_many;min;max;single;power1;linear
-0.0313337025011962;lch;one_to_many;min;avg;single;power1;linear
-0.0313337025011962;lch;one_to_many;min;min;single;power1;linear
-0.03213924996519092;lch;one_to_many;min;max;single;power1;prime
-0.03213924996519092;lch;one_to_many;min;avg;single;power1;prime
-0.03213924996519092;lch;one_to_many;min;min;single;power1;prime
-0.0334218568130067;lch;one_to_many;min;avg;symmetric;power1;
-0.03407666303176583;lch;one_to_many;min;avg;single;power1;
-0.0341752477961299;lch;one_to_many;min;max;single;power2;exponential
-0.0341752477961299;lch;one_to_many;min;avg;single;power2;exponential
-0.0341752477961299;lch;one_to_many;min;min;single;power2;exponential
-0.0344869944101272;lch;one_to_many;min;max;single;power2;linear
-0.0344869944101272;lch;one_to_many;min;avg;single;power2;linear
-0.0344869944101272;lch;one_to_many;min;min;single;power2;linear
-0.03456716206397059;lch;one_to_many;avg;avg;symmetric;power2;
-0.0345671620639706;lch;one_to_many;avg;avg;single;power2;
-0.03456716206397065;lch;all_to_all;;avg;single;power2;
-0.03456716206397065;lch;all_to_all;;avg;single;power2;linear
-0.03456716206397065;lch;all_to_all;;avg;single;power2;prime
-0.03456716206397065;lch;all_to_all;;avg;single;power2;exponential
-0.03456716206397065;lch;all_to_all;;avg;symmetric;power2;
-0.03456716206397065;lch;all_to_all;;avg;symmetric;power2;linear
-0.03456716206397065;lch;all_to_all;;avg;symmetric;power2;prime
-0.03456716206397065;lch;all_to_all;;avg;symmetric;power2;exponential
-0.034915846057315486;lch;element_wise;;max;single;power1;
-0.034915846057315486;lch;element_wise;;max;symmetric;power1;
-0.03594795528011875;lch;one_to_many;min;max;single;power1;
-0.036005986025469616;lch;one_to_many;min;max;symmetric;power2;exponential
-0.036005986025469616;lch;one_to_many;min;avg;symmetric;power2;exponential
-0.036005986025469616;lch;one_to_many;min;min;symmetric;power2;exponential
-0.036184419751463845;lch;one_to_many;min;max;single;power2;prime
-0.036184419751463845;lch;one_to_many;min;avg;single;power2;prime
-0.036184419751463845;lch;one_to_many;min;min;single;power2;prime
-0.0362884607576821;lch;one_to_many;min;max;symmetric;power2;linear
-0.0362884607576821;lch;one_to_many;min;avg;symmetric;power2;linear
-0.0362884607576821;lch;one_to_many;min;min;symmetric;power2;linear
-0.03779086238360606;lch;one_to_many;min;max;symmetric;power2;prime
-0.03779086238360606;lch;one_to_many;min;avg;symmetric;power2;prime
-0.03779086238360606;lch;one_to_many;min;min;symmetric;power2;prime
-0.039578617606670925;lch;one_to_many;min;avg;single;power2;
-0.041218872876754936;lch;one_to_many;min;avg;symmetric;power2;
-0.042285439380742335;lch;one_to_many;min;max;symmetric;power1;
-0.04287554634012321;lch;one_to_many;min;max;single;power2;
-0.04478655580179517;lch;element_wise;;max;single;power2;
-0.04478655580179517;lch;element_wise;;max;symmetric;power2;
-0.05365816339283491;lch;one_to_many;max;max;single;power2;
-0.05365816339283491;lch;one_to_many;max;max;symmetric;power2;
-0.05365816339283491;lch;all_to_all;;max;single;power2;
-0.05365816339283491;lch;all_to_all;;max;single;power2;linear
-0.05365816339283491;lch;all_to_all;;max;single;power2;prime
-0.05365816339283491;lch;all_to_all;;max;single;power2;exponential
-0.05365816339283491;lch;all_to_all;;max;symmetric;power2;
-0.05365816339283491;lch;all_to_all;;max;symmetric;power2;linear
-0.05365816339283491;lch;all_to_all;;max;symmetric;power2;prime
-0.05365816339283491;lch;all_to_all;;max;symmetric;power2;exponential
-0.05427131043306603;lch;one_to_many;max;max;single;power1;
-0.05427131043306603;lch;one_to_many;max;max;symmetric;power1;
-0.05427131043306603;lch;all_to_all;;max;single;power1;
-0.05427131043306603;lch;all_to_all;;max;single;power1;linear
-0.05427131043306603;lch;all_to_all;;max;single;power1;prime
-0.05427131043306603;lch;all_to_all;;max;single;power1;exponential
-0.05427131043306603;lch;all_to_all;;max;symmetric;power1;
-0.05427131043306603;lch;all_to_all;;max;symmetric;power1;linear
-0.05427131043306603;lch;all_to_all;;max;symmetric;power1;prime
-0.05427131043306603;lch;all_to_all;;max;symmetric;power1;exponential
-0.05617390836606844;lch;one_to_many;min;max;symmetric;power2;
-0.06331521519230887;lch;one_to_many;avg;max;single;power1;
-0.07876026509692402;lch;one_to_many;avg;max;symmetric;power1;
-0.08211318515134315;lch;one_to_many;avg;max;single;power2;
-0.10352820688623045;lch;one_to_many;avg;max;symmetric;power2;
